{"cameraMode":{"drawMode":0,"name":"Shaded","section":"Shading Mode"},"sceneLighting":false,"audioPlay":false,"sceneViewState":{"m_AlwaysRefresh":false,"showFog":true,"showSkybox":false,"showFlares":true,"showImageEffects":true,"showParticleSystems":true,"showVisualEffectGraphs":true,"m_FxEnabled":true},"in2DMode":false,"pivot":{"x":-14.855500221252442,"y":0.0044999998062849049,"z":-11.110000610351563},"rotation":{"x":0.10413609445095062,"y":0.6998074054718018,"z":-0.10426191985607147,"w":0.6989662051200867},"size":10.644522666931153,"orthographic":true}