{"cameraMode":{"drawMode":0,"name":"Shaded","section":"Shading Mode"},"sceneLighting":true,"audioPlay":false,"sceneViewState":{"m_AlwaysRefresh":false,"showFog":true,"showSkybox":true,"showFlares":true,"showImageEffects":true,"showParticleSystems":true,"showVisualEffectGraphs":true,"m_FxEnabled":true},"in2DMode":false,"pivot":{"x":2.0927813053131105,"y":20.668052673339845,"z":-5.2430830001831059},"rotation":{"x":-0.43627217411994936,"y":0.5542527437210083,"z":-0.4301859736442566,"w":-0.5635434985160828},"size":1.0677077770233155,"orthographic":false}