{"cameraMode":{"drawMode":0,"name":"Shaded","section":"Shading Mode"},"sceneLighting":true,"audioPlay":false,"sceneViewState":{"m_AlwaysRefresh":false,"showFog":true,"showSkybox":true,"showFlares":true,"showImageEffects":true,"showParticleSystems":true,"showVisualEffectGraphs":true,"m_FxEnabled":true},"in2DMode":false,"pivot":{"x":-0.8949804306030273,"y":-5.828858852386475,"z":4.0705790519714359},"rotation":{"x":0.5805284380912781,"y":-0.06819421797990799,"z":0.048880089074373248,"w":0.809912919998169},"size":14.520265579223633,"orthographic":false}